TEAM,CONF,YEAR,SEED_NUM,Tour_Wins,POSTSEASON,Predicted_Tour_Wins,Absolute_Error,Prediction_Model
Duke,ACC,2019,1,3,E8,3.3389,0.3389,Gradient Boosting Regression
Virginia,ACC,2019,1,6,Champions,3.0514,2.9486,Gradient Boosting Regression
Gonzaga,WCC,2019,1,3,E8,2.9484,0.0516,Gradient Boosting Regression
North Carolina,ACC,2019,1,2,S16,1.8441,0.1559,Gradient Boosting Regression
Michigan St.,B10,2019,2,4,F4,4.8261,0.8261,Gradient Boosting Regression
Kentucky,SEC,2019,2,3,E8,2.4714,0.5286,Gradient Boosting Regression
Michigan,B10,2019,2,2,S16,2.212,0.212,Gradient Boosting Regression
Tennessee,SEC,2019,2,2,S16,1.7966,0.2034,Gradient Boosting Regression
Texas Tech,B12,2019,3,5,2ND,3.1651,1.8349,Gradient Boosting Regression
Houston,Amer,2019,3,2,S16,2.4785,0.4785,Gradient Boosting Regression
Purdue,B10,2019,3,3,E8,1.5831,1.4169,Gradient Boosting Regression
LSU,SEC,2019,3,2,S16,1.0255,0.9745,Gradient Boosting Regression
Florida St.,ACC,2019,4,2,S16,2.7357,0.7357,Gradient Boosting Regression
Kansas,B12,2019,4,1,R32,1.7825,0.7825,Gradient Boosting Regression
Virginia Tech,ACC,2019,4,2,S16,1.257,0.743,Gradient Boosting Regression
Kansas St.,B12,2019,4,0,R64,0.7596,0.7596,Gradient Boosting Regression
Auburn,SEC,2019,5,4,F4,4.554,0.554,Gradient Boosting Regression
Mississippi St.,SEC,2019,5,0,R64,0.8031,0.8031,Gradient Boosting Regression
Wisconsin,B10,2019,5,0,R64,0.6067,0.6067,Gradient Boosting Regression
Marquette,BE,2019,5,0,R64,0.4809,0.4809,Gradient Boosting Regression
Villanova,BE,2019,6,1,R32,1.2546,0.2546,Gradient Boosting Regression
Iowa St.,B12,2019,6,0,R64,1.254,1.254,Gradient Boosting Regression
Buffalo,MAC,2019,6,1,R32,0.9004,0.0996,Gradient Boosting Regression
Maryland,B10,2019,6,1,R32,0.6562,0.3438,Gradient Boosting Regression
Cincinnati,Amer,2019,7,0,R64,0.9293,0.9293,Gradient Boosting Regression
Louisville,ACC,2019,7,0,R64,0.7251,0.7251,Gradient Boosting Regression
Wofford,SC,2019,7,1,R32,0.6004,0.3996,Gradient Boosting Regression
Nevada,MWC,2019,7,0,R64,0.5924,0.5924,Gradient Boosting Regression
VCU,A10,2019,8,0,R64,0.4799,0.4799,Gradient Boosting Regression
Syracuse,ACC,2019,8,0,R64,0.4622,0.4622,Gradient Boosting Regression
Utah St.,MWC,2019,8,0,R64,0.4523,0.4523,Gradient Boosting Regression
Mississippi,SEC,2019,8,0,R64,0.2695,0.2695,Gradient Boosting Regression
Washington,P12,2019,9,1,R32,0.9831,0.0169,Gradient Boosting Regression
UCF,Amer,2019,9,1,R32,0.6057,0.3943,Gradient Boosting Regression
Oklahoma,B12,2019,9,1,R32,0.3696,0.6304,Gradient Boosting Regression
Baylor,B12,2019,9,1,R32,0.0676,0.9324,Gradient Boosting Regression
Florida,SEC,2019,10,1,R32,1.4097,0.4097,Gradient Boosting Regression
Minnesota,B10,2019,10,1,R32,1.1237,0.1237,Gradient Boosting Regression
Iowa,B10,2019,10,1,R32,0.3587,0.6413,Gradient Boosting Regression
Seton Hall,BE,2019,10,0,R64,0.0627,0.0627,Gradient Boosting Regression
Saint Mary's,WCC,2019,11,0,R64,0.4255,0.4255,Gradient Boosting Regression
Ohio St.,B10,2019,11,1,R32,0.3404,0.6596,Gradient Boosting Regression
Temple,Amer,2019,11,0,R68,0.2145,0.2145,Gradient Boosting Regression
Arizona St.,P12,2019,11,0,R64,0.167,0.167,Gradient Boosting Regression
Belmont,OVC,2019,11,0,R64,0.0709,0.0709,Gradient Boosting Regression
St. John's,BE,2019,11,0,R68,0.0672,0.0672,Gradient Boosting Regression
Oregon,P12,2019,12,2,S16,2.25,0.25,Gradient Boosting Regression
Liberty,BSth,2019,12,1,R32,0.3673,0.6327,Gradient Boosting Regression
New Mexico St.,WAC,2019,12,0,R64,0.2973,0.2973,Gradient Boosting Regression
Murray St.,OVC,2019,12,1,R32,0.1847,0.8153,Gradient Boosting Regression
Saint Louis,A10,2019,13,0,R64,0.7892,0.7892,Gradient Boosting Regression
UC Irvine,BW,2019,13,1,R32,0.6311,0.3689,Gradient Boosting Regression
Northeastern,CAA,2019,13,0,R64,0.1579,0.1579,Gradient Boosting Regression
Vermont,AE,2019,13,0,R64,0.091,0.091,Gradient Boosting Regression
Old Dominion,CUSA,2019,14,0,R64,0.4859,0.4859,Gradient Boosting Regression
Yale,Ivy,2019,14,0,R64,0.2047,0.2047,Gradient Boosting Regression
Northern Kentucky,Horz,2019,14,0,R64,0.1274,0.1274,Gradient Boosting Regression
Georgia St.,SB,2019,14,0,R64,0.0123,0.0123,Gradient Boosting Regression
Colgate,Pat,2019,15,0,R64,0.2716,0.2716,Gradient Boosting Regression
Abilene Christian,Slnd,2019,15,0,R64,0.0714,0.0714,Gradient Boosting Regression
Montana,BSky,2019,15,0,R64,0.0616,0.0616,Gradient Boosting Regression
Bradley,MVC,2019,15,0,R64,0.0,0.0,Gradient Boosting Regression
Gardner Webb,BSth,2019,16,0,R64,0.2294,0.2294,Gradient Boosting Regression
North Dakota St.,Sum,2019,16,0,R64,0.1395,0.1395,Gradient Boosting Regression
Fairleigh Dickinson,NEC,2019,16,0,R64,0.107,0.107,Gradient Boosting Regression
Prairie View A&M,SWAC,2019,16,0,R68,0.0508,0.0508,Gradient Boosting Regression
Iona,MAAC,2019,16,0,R64,0.0041,0.0041,Gradient Boosting Regression
North Carolina Central,MEAC,2019,16,0,R68,0.0,0.0,Gradient Boosting Regression
Villanova,BE,2018,1,6,Champions,5.7833,0.2167,Gradient Boosting Regression
Kansas,B12,2018,1,4,F4,4.2766,0.2766,Gradient Boosting Regression
Xavier,BE,2018,1,1,R32,1.2647,0.2647,Gradient Boosting Regression
Virginia,ACC,2018,1,0,R64,1.0574,1.0574,Gradient Boosting Regression
Purdue,B10,2018,2,2,S16,2.9164,0.9164,Gradient Boosting Regression
Duke,ACC,2018,2,3,E8,2.8661,0.1339,Gradient Boosting Regression
North Carolina,ACC,2018,2,1,R32,2.3774,1.3774,Gradient Boosting Regression
Cincinnati,Amer,2018,2,1,R32,1.4627,0.4627,Gradient Boosting Regression
Michigan,B10,2018,3,5,2ND,4.76,0.24,Gradient Boosting Regression
Texas Tech,B12,2018,3,3,E8,2.3908,0.6092,Gradient Boosting Regression
Tennessee,SEC,2018,3,1,R32,1.2377,0.2377,Gradient Boosting Regression
Michigan St.,B10,2018,3,1,R32,1.061,0.061,Gradient Boosting Regression
Gonzaga,WCC,2018,4,2,S16,2.5126,0.5126,Gradient Boosting Regression
Arizona,P12,2018,4,0,R64,0.964,0.964,Gradient Boosting Regression
Wichita St.,Amer,2018,4,0,R64,0.5821,0.5821,Gradient Boosting Regression
Auburn,SEC,2018,4,1,R32,0.5641,0.4359,Gradient Boosting Regression
West Virginia,B12,2018,5,2,S16,2.4987,0.4987,Gradient Boosting Regression
Kentucky,SEC,2018,5,2,S16,2.1354,0.1354,Gradient Boosting Regression
Clemson,ACC,2018,5,2,S16,0.8083,1.1917,Gradient Boosting Regression
Ohio St.,B10,2018,5,1,R32,0.7467,0.2533,Gradient Boosting Regression
Houston,Amer,2018,6,1,R32,0.8834,0.1166,Gradient Boosting Regression
Florida,SEC,2018,6,1,R32,0.443,0.557,Gradient Boosting Regression
TCU,B12,2018,6,0,R64,0.3995,0.3995,Gradient Boosting Regression
Miami FL,ACC,2018,6,0,R64,0.3621,0.3621,Gradient Boosting Regression
Nevada,MWC,2018,7,2,S16,2.2874,0.2874,Gradient Boosting Regression
Arkansas,SEC,2018,7,0,R64,0.6297,0.6297,Gradient Boosting Regression
Texas A&M,SEC,2018,7,2,S16,0.6101,1.3899,Gradient Boosting Regression
Rhode Island,A10,2018,7,1,R32,0.2086,0.7914,Gradient Boosting Regression
Seton Hall,BE,2018,8,1,R32,0.5035,0.4965,Gradient Boosting Regression
Missouri,SEC,2018,8,0,R64,0.4403,0.4403,Gradient Boosting Regression
Creighton,BE,2018,8,0,R64,0.2492,0.2492,Gradient Boosting Regression
Virginia Tech,ACC,2018,8,0,R64,0.1721,0.1721,Gradient Boosting Regression
Kansas St.,B12,2018,9,3,E8,2.2362,0.7638,Gradient Boosting Regression
Alabama,SEC,2018,9,1,R32,0.6935,0.3065,Gradient Boosting Regression
Florida St.,ACC,2018,9,3,E8,0.5782,2.4218,Gradient Boosting Regression
North Carolina St.,ACC,2018,9,0,R64,0.2615,0.2615,Gradient Boosting Regression
Butler,BE,2018,10,1,R32,0.6379,0.3621,Gradient Boosting Regression
Texas,B12,2018,10,0,R64,0.3494,0.3494,Gradient Boosting Regression
Oklahoma,B12,2018,10,0,R64,0.2341,0.2341,Gradient Boosting Regression
Providence,BE,2018,10,0,R64,0.2219,0.2219,Gradient Boosting Regression
Loyola Chicago,MVC,2018,11,4,F4,2.315,1.685,Gradient Boosting Regression
Syracuse,ACC,2018,11,2,S16,2.2289,0.2289,Gradient Boosting Regression
San Diego St.,MWC,2018,11,0,R64,0.2668,0.2668,Gradient Boosting Regression
St. Bonaventure,A10,2018,11,0,R64,0.2201,0.2201,Gradient Boosting Regression
Arizona St.,P12,2018,11,0,R68,0.1087,0.1087,Gradient Boosting Regression
UCLA,P12,2018,11,0,R68,0.0679,0.0679,Gradient Boosting Regression
Murray St.,OVC,2018,12,0,R64,0.3045,0.3045,Gradient Boosting Regression
New Mexico St.,WAC,2018,12,0,R64,0.1016,0.1016,Gradient Boosting Regression
Davidson,A10,2018,12,0,R64,0.0762,0.0762,Gradient Boosting Regression
South Dakota St.,Sum,2018,12,0,R64,0.0,0.0,Gradient Boosting Regression
Buffalo,MAC,2018,13,1,R32,0.4155,0.5845,Gradient Boosting Regression
Marshall,CUSA,2018,13,1,R32,0.3766,0.6234,Gradient Boosting Regression
UNC Greensboro,SC,2018,13,0,R64,0.1857,0.1857,Gradient Boosting Regression
College of Charleston,CAA,2018,13,0,R64,0.1454,0.1454,Gradient Boosting Regression
Stephen F. Austin,Slnd,2018,14,0,R64,0.3301,0.3301,Gradient Boosting Regression
Montana,BSky,2018,14,0,R64,0.1588,0.1588,Gradient Boosting Regression
Bucknell,Pat,2018,14,0,R64,0.0937,0.0937,Gradient Boosting Regression
Wright St.,Horz,2018,14,0,R64,0.0482,0.0482,Gradient Boosting Regression
Lipscomb,ASun,2018,15,0,R64,0.3066,0.3066,Gradient Boosting Regression
Georgia St.,SB,2018,15,0,R64,0.1843,0.1843,Gradient Boosting Regression
Cal St. Fullerton,BW,2018,15,0,R64,0.0,0.0,Gradient Boosting Regression
Iona,MAAC,2018,15,0,R64,0.0,0.0,Gradient Boosting Regression
Texas Southern,SWAC,2018,16,0,R64,0.4892,0.4892,Gradient Boosting Regression
Radford,BSth,2018,16,0,R64,0.0953,0.0953,Gradient Boosting Regression
North Carolina Central,MEAC,2018,16,0,R68,0.0453,0.0453,Gradient Boosting Regression
UMBC,AE,2018,16,1,R32,0.0177,0.9823,Gradient Boosting Regression
Penn,Ivy,2018,16,0,R64,0.0049,0.0049,Gradient Boosting Regression
LIU Brooklyn,NEC,2018,16,0,R68,0.0,0.0,Gradient Boosting Regression
Gonzaga,WCC,2017,1,5,2ND,4.7966,0.2034,Gradient Boosting Regression
North Carolina,ACC,2017,1,6,Champions,3.8249,2.1751,Gradient Boosting Regression
Villanova,BE,2017,1,1,R32,2.1587,1.1587,Gradient Boosting Regression
Kansas,B12,2017,1,3,E8,2.0105,0.9895,Gradient Boosting Regression
Kentucky,SEC,2017,2,3,E8,3.5481,0.5481,Gradient Boosting Regression
Arizona,P12,2017,2,2,S16,2.7973,0.7973,Gradient Boosting Regression
Duke,ACC,2017,2,1,R32,2.7552,1.7552,Gradient Boosting Regression
Louisville,ACC,2017,2,1,R32,0.5032,0.4968,Gradient Boosting Regression
Oregon,P12,2017,3,4,F4,3.8595,0.1405,Gradient Boosting Regression
UCLA,P12,2017,3,2,S16,1.9124,0.0876,Gradient Boosting Regression
Florida St.,ACC,2017,3,1,R32,1.0112,0.0112,Gradient Boosting Regression
Baylor,B12,2017,3,2,S16,0.7771,1.2229,Gradient Boosting Regression
West Virginia,B12,2017,4,2,S16,2.3912,0.3912,Gradient Boosting Regression
Florida,SEC,2017,4,3,E8,1.7077,1.2923,Gradient Boosting Regression
Purdue,B10,2017,4,2,S16,1.2448,0.7552,Gradient Boosting Regression
Butler,BE,2017,4,2,S16,0.4879,1.5121,Gradient Boosting Regression
Notre Dame,ACC,2017,5,1,R32,1.8042,0.8042,Gradient Boosting Regression
Iowa St.,B12,2017,5,1,R32,1.2718,0.2718,Gradient Boosting Regression
Virginia,ACC,2017,5,1,R32,0.6844,0.3156,Gradient Boosting Regression
Minnesota,B10,2017,5,0,R64,0.4686,0.4686,Gradient Boosting Regression
Cincinnati,Amer,2017,6,1,R32,1.4696,0.4696,Gradient Boosting Regression
SMU,Amer,2017,6,0,R64,1.1108,1.1108,Gradient Boosting Regression
Creighton,BE,2017,6,0,R64,0.7508,0.7508,Gradient Boosting Regression
Maryland,B10,2017,6,0,R64,0.4367,0.4367,Gradient Boosting Regression
Michigan,B10,2017,7,2,S16,3.6508,1.6508,Gradient Boosting Regression
South Carolina,SEC,2017,7,4,F4,0.978,3.022,Gradient Boosting Regression
Saint Mary's,WCC,2017,7,1,R32,0.8282,0.1718,Gradient Boosting Regression
Dayton,A10,2017,7,0,R64,0.4349,0.4349,Gradient Boosting Regression
Wisconsin,B10,2017,8,2,S16,2.5593,0.5593,Gradient Boosting Regression
Northwestern,B10,2017,8,1,R32,1.218,0.218,Gradient Boosting Regression
Arkansas,SEC,2017,8,1,R32,1.1084,0.1084,Gradient Boosting Regression
Miami FL,ACC,2017,8,0,R64,0.6616,0.6616,Gradient Boosting Regression
Vanderbilt,SEC,2017,9,0,R64,1.0398,1.0398,Gradient Boosting Regression
Michigan St.,B10,2017,9,1,R32,0.8042,0.1958,Gradient Boosting Regression
Virginia Tech,ACC,2017,9,0,R64,0.705,0.705,Gradient Boosting Regression
Seton Hall,BE,2017,9,0,R64,0.0335,0.0335,Gradient Boosting Regression
Wichita St.,MVC,2017,10,1,R32,1.24,0.24,Gradient Boosting Regression
Marquette,BE,2017,10,0,R64,0.5138,0.5138,Gradient Boosting Regression
VCU,A10,2017,10,0,R64,0.4389,0.4389,Gradient Boosting Regression
Oklahoma St.,B12,2017,10,0,R64,0.254,0.254,Gradient Boosting Regression
Xavier,BE,2017,11,3,E8,2.6854,0.3146,Gradient Boosting Regression
Kansas St.,B12,2017,11,0,R64,0.8533,0.8533,Gradient Boosting Regression
Rhode Island,A10,2017,11,1,R32,0.7366,0.2634,Gradient Boosting Regression
USC,P12,2017,11,1,R32,0.7138,0.2862,Gradient Boosting Regression
Wake Forest,ACC,2017,11,0,R68,0.3702,0.3702,Gradient Boosting Regression
Providence,BE,2017,11,0,R68,0.2007,0.2007,Gradient Boosting Regression
Middle Tennessee,CUSA,2017,12,1,R32,0.8021,0.1979,Gradient Boosting Regression
Nevada,MWC,2017,12,0,R64,0.6317,0.6317,Gradient Boosting Regression
UNC Wilmington,CAA,2017,12,0,R64,0.4364,0.4364,Gradient Boosting Regression
Princeton,Ivy,2017,12,0,R64,0.1556,0.1556,Gradient Boosting Regression
Vermont,AE,2017,13,0,R64,0.6352,0.6352,Gradient Boosting Regression
Bucknell,Pat,2017,13,0,R64,0.5321,0.5321,Gradient Boosting Regression
East Tennessee St.,SC,2017,13,0,R64,0.1913,0.1913,Gradient Boosting Regression
Winthrop,BSth,2017,13,0,R64,0.1217,0.1217,Gradient Boosting Regression
Iona,MAAC,2017,14,0,R64,0.6325,0.6325,Gradient Boosting Regression
Florida Gulf Coast,ASun,2017,14,0,R64,0.3915,0.3915,Gradient Boosting Regression
New Mexico St.,WAC,2017,14,0,R64,0.2964,0.2964,Gradient Boosting Regression
Kent St.,MAC,2017,14,0,R64,0.2482,0.2482,Gradient Boosting Regression
Troy,SB,2017,15,0,R64,0.5145,0.5145,Gradient Boosting Regression
Jacksonville St.,OVC,2017,15,0,R64,0.0938,0.0938,Gradient Boosting Regression
Northern Kentucky,Horz,2017,15,0,R64,0.0713,0.0713,Gradient Boosting Regression
North Dakota,BSky,2017,15,0,R64,0.0401,0.0401,Gradient Boosting Regression
Texas Southern,SWAC,2017,16,0,R64,1.3862,1.3862,Gradient Boosting Regression
Mount St. Mary's,NEC,2017,16,0,R64,0.6518,0.6518,Gradient Boosting Regression
North Carolina Central,MEAC,2017,16,0,R68,0.2077,0.2077,Gradient Boosting Regression
UC Davis,BW,2017,16,0,R64,0.0112,0.0112,Gradient Boosting Regression
South Dakota St.,Sum,2017,16,0,R64,0.0091,0.0091,Gradient Boosting Regression
New Orleans,Slnd,2017,16,0,R68,0.0,0.0,Gradient Boosting Regression
North Carolina,ACC,2016,1,5,2ND,5.1558,0.1558,Gradient Boosting Regression
Virginia,ACC,2016,1,3,E8,2.8871,0.1129,Gradient Boosting Regression
Oregon,P12,2016,1,3,E8,2.3338,0.6662,Gradient Boosting Regression
Kansas,B12,2016,1,3,E8,2.0833,0.9167,Gradient Boosting Regression
Villanova,BE,2016,2,6,Champions,5.2377,0.7623,Gradient Boosting Regression
Oklahoma,B12,2016,2,4,F4,2.4599,1.5401,Gradient Boosting Regression
Michigan St.,B10,2016,2,0,R64,0.9638,0.9638,Gradient Boosting Regression
Xavier,BE,2016,2,1,R32,0.738,0.262,Gradient Boosting Regression
Texas A&M,SEC,2016,3,2,S16,2.3505,0.3505,Gradient Boosting Regression
West Virginia,B12,2016,3,0,R64,1.9198,1.9198,Gradient Boosting Regression
Utah,P12,2016,3,1,R32,1.0811,0.0811,Gradient Boosting Regression
Miami FL,ACC,2016,3,2,S16,1.0323,0.9677,Gradient Boosting Regression
Iowa St.,B12,2016,3,2,S16,0.8072,1.1928,Gradient Boosting Regression
Kentucky,SEC,2016,4,1,R32,1.6123,0.6123,Gradient Boosting Regression
Duke,ACC,2016,4,2,S16,1.2329,0.7671,Gradient Boosting Regression
California,P12,2016,4,0,R64,0.7889,0.7889,Gradient Boosting Regression
Purdue,B10,2016,5,0,R64,1.0556,1.0556,Gradient Boosting Regression
Indiana,B10,2016,5,2,S16,0.8426,1.1574,Gradient Boosting Regression
Maryland,B10,2016,5,2,S16,0.7895,1.2105,Gradient Boosting Regression
Baylor,B12,2016,5,0,R64,0.3767,0.3767,Gradient Boosting Regression
Notre Dame,ACC,2016,6,3,E8,0.9146,2.0854,Gradient Boosting Regression
Seton Hall,BE,2016,6,0,R64,0.8051,0.8051,Gradient Boosting Regression
Arizona,P12,2016,6,0,R64,0.5637,0.5637,Gradient Boosting Regression
Texas,B12,2016,6,0,R64,0.2285,0.2285,Gradient Boosting Regression
Wisconsin,B10,2016,7,2,S16,0.5289,1.4711,Gradient Boosting Regression
Iowa,B10,2016,7,1,R32,0.2337,0.7663,Gradient Boosting Regression
Dayton,A10,2016,7,0,R64,0.1318,0.1318,Gradient Boosting Regression
Oregon St.,P12,2016,7,0,R64,0.1123,0.1123,Gradient Boosting Regression
Saint Joseph's,A10,2016,8,1,R32,0.921,0.079,Gradient Boosting Regression
Texas Tech,B12,2016,8,0,R64,0.2012,0.2012,Gradient Boosting Regression
USC,P12,2016,8,0,R64,0.1802,0.1802,Gradient Boosting Regression
Colorado,P12,2016,8,0,R64,0.0,0.0,Gradient Boosting Regression
Connecticut,Amer,2016,9,1,R32,1.2342,0.2342,Gradient Boosting Regression
Providence,BE,2016,9,1,R32,0.4725,0.5275,Gradient Boosting Regression
Butler,BE,2016,9,1,R32,0.4136,0.5864,Gradient Boosting Regression
Cincinnati,Amer,2016,9,0,R64,0.3181,0.3181,Gradient Boosting Regression
Syracuse,ACC,2016,10,4,F4,2.074,1.926,Gradient Boosting Regression
VCU,A10,2016,10,1,R32,1.2048,0.2048,Gradient Boosting Regression
Pittsburgh,ACC,2016,10,0,R64,0.1637,0.1637,Gradient Boosting Regression
Temple,Amer,2016,10,0,R64,0.02,0.02,Gradient Boosting Regression
Wichita St.,MVC,2016,11,1,R32,1.2252,0.2252,Gradient Boosting Regression
Gonzaga,WCC,2016,11,2,S16,0.9486,1.0514,Gradient Boosting Regression
Northern Iowa,MVC,2016,11,1,R32,0.5533,0.4467,Gradient Boosting Regression
Vanderbilt,SEC,2016,11,0,R68,0.4719,0.4719,Gradient Boosting Regression
Michigan,B10,2016,11,0,R64,0.4574,0.4574,Gradient Boosting Regression
Tulsa,Amer,2016,11,0,R68,0.1081,0.1081,Gradient Boosting Regression
South Dakota St.,Sum,2016,12,0,R64,0.1886,0.1886,Gradient Boosting Regression
Arkansas Little Rock,SB,2016,12,1,R32,0.1199,0.8801,Gradient Boosting Regression
Chattanooga,SC,2016,12,0,R64,0.0439,0.0439,Gradient Boosting Regression
Yale,Ivy,2016,12,1,R32,0.0,1.0,Gradient Boosting Regression
UNC Wilmington,CAA,2016,13,0,R64,0.2579,0.2579,Gradient Boosting Regression
Iona,MAAC,2016,13,0,R64,0.1077,0.1077,Gradient Boosting Regression
Stony Brook,AE,2016,13,0,R64,0.0421,0.0421,Gradient Boosting Regression
Hawaii,BW,2016,13,1,R32,0.0365,0.9635,Gradient Boosting Regression
Stephen F. Austin,Slnd,2016,14,1,R32,0.3785,0.6215,Gradient Boosting Regression
Fresno St.,MWC,2016,14,0,R64,0.0464,0.0464,Gradient Boosting Regression
Green Bay,Horz,2016,14,0,R64,0.0,0.0,Gradient Boosting Regression
Buffalo,MAC,2016,14,0,R64,0.0,0.0,Gradient Boosting Regression
Cal St. Bakersfield,WAC,2016,15,0,R64,0.044,0.044,Gradient Boosting Regression
Weber St.,BSky,2016,15,0,R64,0.0407,0.0407,Gradient Boosting Regression
UNC Asheville,BSth,2016,15,0,R64,0.0285,0.0285,Gradient Boosting Regression
Middle Tennessee,CUSA,2016,15,1,R32,0.0083,0.9917,Gradient Boosting Regression
Florida Gulf Coast,ASun,2016,16,0,R64,0.1856,0.1856,Gradient Boosting Regression
Holy Cross,Pat,2016,16,0,R64,0.0333,0.0333,Gradient Boosting Regression
Hampton,MEAC,2016,16,0,R64,0.0,0.0,Gradient Boosting Regression
Austin Peay,OVC,2016,16,0,R64,0.0,0.0,Gradient Boosting Regression
Fairleigh Dickinson,NEC,2016,16,0,R68,0.0,0.0,Gradient Boosting Regression
Southern,SWAC,2016,16,0,R68,0.0,0.0,Gradient Boosting Regression
Wisconsin,B10,2015,1,5,2ND,5.6458,0.6458,Gradient Boosting Regression
Kentucky,SEC,2015,1,4,F4,4.8369,0.8369,Gradient Boosting Regression
Duke,ACC,2015,1,6,Champions,4.8278,1.1722,Gradient Boosting Regression
Villanova,BE,2015,1,1,R32,2.1212,1.1212,Gradient Boosting Regression
Arizona,P12,2015,2,3,E8,4.5401,1.5401,Gradient Boosting Regression
Gonzaga,WCC,2015,2,3,E8,2.5132,0.4868,Gradient Boosting Regression
Kansas,B12,2015,2,1,R32,1.3696,0.3696,Gradient Boosting Regression
Virginia,ACC,2015,2,1,R32,0.6747,0.3253,Gradient Boosting Regression
Notre Dame,ACC,2015,3,3,E8,3.2168,0.2168,Gradient Boosting Regression
Baylor,B12,2015,3,0,R64,1.641,1.641,Gradient Boosting Regression
Oklahoma,B12,2015,3,2,S16,0.9355,1.0645,Gradient Boosting Regression
Iowa St.,B12,2015,3,0,R64,0.5643,0.5643,Gradient Boosting Regression
North Carolina,ACC,2015,4,2,S16,3.4843,1.4843,Gradient Boosting Regression
Louisville,ACC,2015,4,3,E8,1.1601,1.8399,Gradient Boosting Regression
Maryland,B10,2015,4,1,R32,1.0821,0.0821,Gradient Boosting Regression
Georgetown,BE,2015,4,1,R32,0.6808,0.3192,Gradient Boosting Regression
Northern Iowa,MVC,2015,5,1,R32,1.241,0.241,Gradient Boosting Regression
Arkansas,SEC,2015,5,1,R32,1.0915,0.0915,Gradient Boosting Regression
West Virginia,B12,2015,5,2,S16,0.9402,1.0598,Gradient Boosting Regression
Utah,P12,2015,5,2,S16,0.5527,1.4473,Gradient Boosting Regression
Xavier,BE,2015,6,2,S16,2.3312,0.3312,Gradient Boosting Regression
SMU,Amer,2015,6,0,R64,0.4124,0.4124,Gradient Boosting Regression
Providence,BE,2015,6,0,R64,0.3521,0.3521,Gradient Boosting Regression
Butler,BE,2015,6,1,R32,0.3168,0.6832,Gradient Boosting Regression
Michigan St.,B10,2015,7,4,F4,3.996,0.004,Gradient Boosting Regression
VCU,A10,2015,7,0,R64,1.0715,1.0715,Gradient Boosting Regression
Wichita St.,MVC,2015,7,2,S16,0.706,1.294,Gradient Boosting Regression
Iowa,B10,2015,7,1,R32,0.641,0.359,Gradient Boosting Regression
North Carolina St.,ACC,2015,8,2,S16,1.0931,0.9069,Gradient Boosting Regression
Oregon,P12,2015,8,1,R32,0.6226,0.3774,Gradient Boosting Regression
San Diego St.,MWC,2015,8,1,R32,0.2895,0.7105,Gradient Boosting Regression
Cincinnati,Amer,2015,8,1,R32,0.0,1.0,Gradient Boosting Regression
St. John's,BE,2015,9,0,R64,0.6891,0.6891,Gradient Boosting Regression
LSU,SEC,2015,9,0,R64,0.3686,0.3686,Gradient Boosting Regression
Purdue,B10,2015,9,0,R64,0.3323,0.3323,Gradient Boosting Regression
Oklahoma St.,B12,2015,9,0,R64,0.175,0.175,Gradient Boosting Regression
Ohio St.,B10,2015,10,1,R32,1.2971,0.2971,Gradient Boosting Regression
Davidson,A10,2015,10,0,R64,0.5,0.5,Gradient Boosting Regression
Georgia,SEC,2015,10,0,R64,0.2461,0.2461,Gradient Boosting Regression
Indiana,B10,2015,10,0,R64,0.1821,0.1821,Gradient Boosting Regression
UCLA,P12,2015,11,2,S16,1.0794,0.9206,Gradient Boosting Regression
Dayton,A10,2015,11,1,R32,1.0036,0.0036,Gradient Boosting Regression
Boise St.,MWC,2015,11,0,R68,0.4196,0.4196,Gradient Boosting Regression
BYU,WCC,2015,11,0,R68,0.4184,0.4184,Gradient Boosting Regression
Texas,B12,2015,11,0,R64,0.3747,0.3747,Gradient Boosting Regression
Mississippi,SEC,2015,11,0,R64,0.0121,0.0121,Gradient Boosting Regression
Stephen F. Austin,Slnd,2015,12,0,R64,0.4708,0.4708,Gradient Boosting Regression
Wyoming,MWC,2015,12,0,R64,0.3151,0.3151,Gradient Boosting Regression
Buffalo,MAC,2015,12,0,R64,0.2211,0.2211,Gradient Boosting Regression
Wofford,SC,2015,12,0,R64,0.1748,0.1748,Gradient Boosting Regression
Harvard,Ivy,2015,13,0,R64,0.2495,0.2495,Gradient Boosting Regression
Valparaiso,Horz,2015,13,0,R64,0.1845,0.1845,Gradient Boosting Regression
Eastern Washington,BSky,2015,13,0,R64,0.0,0.0,Gradient Boosting Regression
UC Irvine,BW,2015,13,0,R64,0.0,0.0,Gradient Boosting Regression
Northeastern,CAA,2015,14,0,R64,0.3844,0.3844,Gradient Boosting Regression
Georgia St.,SB,2015,14,1,R32,0.2596,0.7404,Gradient Boosting Regression
UAB,CUSA,2015,14,1,R32,0.1384,0.8616,Gradient Boosting Regression
Albany,AE,2015,14,0,R64,0.0854,0.0854,Gradient Boosting Regression
New Mexico St.,WAC,2015,15,0,R64,0.2347,0.2347,Gradient Boosting Regression
Texas Southern,SWAC,2015,15,0,R64,0.1528,0.1528,Gradient Boosting Regression
Belmont,OVC,2015,15,0,R64,0.0483,0.0483,Gradient Boosting Regression
North Dakota St.,Sum,2015,15,0,R64,0.0,0.0,Gradient Boosting Regression
Robert Morris,NEC,2015,16,0,R64,0.2651,0.2651,Gradient Boosting Regression
North Florida,ASun,2015,16,0,R68,0.1545,0.1545,Gradient Boosting Regression
Hampton,MEAC,2015,16,0,R64,0.1425,0.1425,Gradient Boosting Regression
Coastal Carolina,BSth,2015,16,0,R64,0.0,0.0,Gradient Boosting Regression
Lafayette,Pat,2015,16,0,R64,0.0,0.0,Gradient Boosting Regression
Manhattan,MAAC,2015,16,0,R68,0.0,0.0,Gradient Boosting Regression
Florida,SEC,2014,1,4,F4,4.7356,0.7356,Gradient Boosting Regression
Arizona,P12,2014,1,3,E8,3.6505,0.6505,Gradient Boosting Regression
Virginia,ACC,2014,1,2,S16,2.4328,0.4328,Gradient Boosting Regression
Wichita St.,MVC,2014,1,1,R32,1.1633,0.1633,Gradient Boosting Regression
Wisconsin,B10,2014,2,4,F4,2.9577,1.0423,Gradient Boosting Regression
Michigan,B10,2014,2,3,E8,2.432,0.568,Gradient Boosting Regression
Kansas,B12,2014,2,1,R32,0.989,0.011,Gradient Boosting Regression
Villanova,BE,2014,2,1,R32,0.8416,0.1584,Gradient Boosting Regression
Iowa St.,B12,2014,3,2,S16,1.2952,0.7048,Gradient Boosting Regression
Duke,ACC,2014,3,0,R64,1.2399,1.2399,Gradient Boosting Regression
Creighton,BE,2014,3,1,R32,1.2393,0.2393,Gradient Boosting Regression
Syracuse,ACC,2014,3,1,R32,0.9408,0.0592,Gradient Boosting Regression
Michigan St.,B10,2014,4,3,E8,3.3442,0.3442,Gradient Boosting Regression
Louisville,Amer,2014,4,2,S16,2.9459,0.9459,Gradient Boosting Regression
UCLA,P12,2014,4,2,S16,2.3828,0.3828,Gradient Boosting Regression
San Diego St.,MWC,2014,4,2,S16,0.8213,1.1787,Gradient Boosting Regression
VCU,A10,2014,5,0,R64,0.9271,0.9271,Gradient Boosting Regression
Cincinnati,Amer,2014,5,0,R64,0.5685,0.5685,Gradient Boosting Regression
Oklahoma,B12,2014,5,0,R64,0.3532,0.3532,Gradient Boosting Regression
Saint Louis,A10,2014,5,1,R32,0.1876,0.8124,Gradient Boosting Regression
Ohio St.,B10,2014,6,0,R64,1.041,1.041,Gradient Boosting Regression
Baylor,B12,2014,6,2,S16,0.9727,1.0273,Gradient Boosting Regression
Massachusetts,A10,2014,6,0,R64,0.3319,0.3319,Gradient Boosting Regression
North Carolina,ACC,2014,6,1,R32,0.3059,0.6941,Gradient Boosting Regression
Connecticut,Amer,2014,7,6,Champions,3.733,2.267,Gradient Boosting Regression
Texas,B12,2014,7,1,R32,0.6252,0.3748,Gradient Boosting Regression
Oregon,P12,2014,7,1,R32,0.4067,0.5933,Gradient Boosting Regression
New Mexico,MWC,2014,7,0,R64,0.3894,0.3894,Gradient Boosting Regression
Kentucky,SEC,2014,8,5,2ND,3.003,1.997,Gradient Boosting Regression
Gonzaga,WCC,2014,8,1,R32,1.0792,0.0792,Gradient Boosting Regression
Colorado,P12,2014,8,0,R64,0.3622,0.3622,Gradient Boosting Regression
Memphis,Amer,2014,8,1,R32,0.2347,0.7653,Gradient Boosting Regression
Pittsburgh,ACC,2014,9,1,R32,1.446,0.446,Gradient Boosting Regression
Oklahoma St.,B12,2014,9,0,R64,0.5146,0.5146,Gradient Boosting Regression
Kansas St.,B12,2014,9,0,R64,0.1281,0.1281,Gradient Boosting Regression
Stanford,P12,2014,10,2,S16,0.9655,1.0345,Gradient Boosting Regression
Saint Joseph's,A10,2014,10,0,R64,0.4138,0.4138,Gradient Boosting Regression
Arizona St.,P12,2014,10,0,R64,0.046,0.046,Gradient Boosting Regression
BYU,WCC,2014,10,0,R64,0.0,0.0,Gradient Boosting Regression
Dayton,A10,2014,11,3,E8,2.2072,0.7928,Gradient Boosting Regression
Tennessee,SEC,2014,11,2,S16,1.323,0.677,Gradient Boosting Regression
Providence,BE,2014,11,0,R64,0.4002,0.4002,Gradient Boosting Regression
Iowa,B10,2014,11,0,R68,0.328,0.328,Gradient Boosting Regression
George Washington,A10,2014,11,0,R64,0.148,0.148,Gradient Boosting Regression
Nebraska,B10,2014,11,0,R64,0.0345,0.0345,Gradient Boosting Regression
North Carolina St.,ACC,2014,12,0,R64,1.4326,1.4326,Gradient Boosting Regression
Harvard,Ivy,2014,12,1,R32,0.4109,0.5891,Gradient Boosting Regression
Xavier,BE,2014,12,0,R68,0.2221,0.2221,Gradient Boosting Regression
Stephen F. Austin,Slnd,2014,12,1,R32,0.035,0.965,Gradient Boosting Regression
North Dakota St.,Sum,2014,12,1,R32,0.0,1.0,Gradient Boosting Regression
Delaware,CAA,2014,13,0,R64,0.3252,0.3252,Gradient Boosting Regression
New Mexico St.,WAC,2014,13,0,R64,0.2133,0.2133,Gradient Boosting Regression
Manhattan,MAAC,2014,13,0,R64,0.168,0.168,Gradient Boosting Regression
Tulsa,CUSA,2014,13,0,R64,0.0128,0.0128,Gradient Boosting Regression
Mercer,ASun,2014,14,1,R32,0.2666,0.7334,Gradient Boosting Regression
Western Michigan,MAC,2014,14,0,R64,0.1687,0.1687,Gradient Boosting Regression
Louisiana Lafayette,SB,2014,14,0,R64,0.0,0.0,Gradient Boosting Regression
North Carolina Central,MEAC,2014,14,0,R64,0.0,0.0,Gradient Boosting Regression
American,Pat,2014,15,0,R64,0.154,0.154,Gradient Boosting Regression
Eastern Kentucky,OVC,2014,15,0,R64,0.0688,0.0688,Gradient Boosting Regression
Milwaukee,Horz,2014,15,0,R64,0.0,0.0,Gradient Boosting Regression
Wofford,SC,2014,15,0,R64,0.0,0.0,Gradient Boosting Regression
Cal Poly,BW,2014,16,0,R64,0.0396,0.0396,Gradient Boosting Regression
Albany,AE,2014,16,0,R64,0.0,0.0,Gradient Boosting Regression
Coastal Carolina,BSth,2014,16,0,R64,0.0,0.0,Gradient Boosting Regression
Weber St.,BSky,2014,16,0,R64,0.0,0.0,Gradient Boosting Regression
Mount St. Mary's,NEC,2014,16,0,R68,0.0,0.0,Gradient Boosting Regression
Texas Southern,SWAC,2014,16,0,R68,0.0,0.0,Gradient Boosting Regression
Louisville,BE,2013,1,6,Champions,5.6917,0.3083,Gradient Boosting Regression
Kansas,B12,2013,1,2,S16,2.9671,0.9671,Gradient Boosting Regression
Indiana,B10,2013,1,2,S16,1.7558,0.2442,Gradient Boosting Regression
Gonzaga,WCC,2013,1,1,R32,0.9031,0.0969,Gradient Boosting Regression
Ohio St.,B10,2013,2,3,E8,2.4633,0.5367,Gradient Boosting Regression
Miami FL,ACC,2013,2,2,S16,1.8412,0.1588,Gradient Boosting Regression
Duke,ACC,2013,2,3,E8,1.6502,1.3498,Gradient Boosting Regression
Georgetown,BE,2013,2,0,R64,0.7103,0.7103,Gradient Boosting Regression
Florida,SEC,2013,3,3,E8,3.1327,0.1327,Gradient Boosting Regression
Michigan St.,B10,2013,3,2,S16,1.0652,0.9348,Gradient Boosting Regression
New Mexico,MWC,2013,3,0,R64,0.8876,0.8876,Gradient Boosting Regression
Marquette,BE,2013,3,3,E8,0.7545,2.2455,Gradient Boosting Regression
Syracuse,BE,2013,4,4,F4,4.682,0.682,Gradient Boosting Regression
Michigan,B10,2013,4,5,2ND,3.4107,1.5893,Gradient Boosting Regression
Saint Louis,A10,2013,4,1,R32,1.1191,0.1191,Gradient Boosting Regression
Kansas St.,B12,2013,4,0,R64,0.8482,0.8482,Gradient Boosting Regression
VCU,A10,2013,5,1,R32,1.3636,0.3636,Gradient Boosting Regression
Wisconsin,B10,2013,5,0,R64,0.9659,0.9659,Gradient Boosting Regression
Oklahoma St.,B12,2013,5,0,R64,0.6866,0.6866,Gradient Boosting Regression
UNLV,MWC,2013,5,0,R64,0.4611,0.4611,Gradient Boosting Regression
Memphis,CUSA,2013,6,1,R32,1.1864,0.1864,Gradient Boosting Regression
Arizona,P12,2013,6,2,S16,0.8792,1.1208,Gradient Boosting Regression
UCLA,P12,2013,6,0,R64,0.7378,0.7378,Gradient Boosting Regression
Butler,A10,2013,6,1,R32,0.5247,0.4753,Gradient Boosting Regression
Creighton,MVC,2013,7,1,R32,2.0424,1.0424,Gradient Boosting Regression
Notre Dame,BE,2013,7,0,R64,0.937,0.937,Gradient Boosting Regression
Illinois,B10,2013,7,1,R32,0.5724,0.4276,Gradient Boosting Regression
San Diego St.,MWC,2013,7,1,R32,0.2591,0.7409,Gradient Boosting Regression
North Carolina,ACC,2013,8,1,R32,1.1162,0.1162,Gradient Boosting Regression
Pittsburgh,BE,2013,8,0,R64,0.9035,0.9035,Gradient Boosting Regression
North Carolina St.,ACC,2013,8,0,R64,0.9005,0.9005,Gradient Boosting Regression
Colorado St.,MWC,2013,8,1,R32,0.7975,0.2025,Gradient Boosting Regression
Wichita St.,MVC,2013,9,4,F4,4.1631,0.1631,Gradient Boosting Regression
Villanova,BE,2013,9,0,R64,0.4963,0.4963,Gradient Boosting Regression
Missouri,SEC,2013,9,0,R64,0.4537,0.4537,Gradient Boosting Regression
Temple,A10,2013,9,1,R32,0.1417,0.8583,Gradient Boosting Regression
Iowa St.,B12,2013,10,1,R32,0.8199,0.1801,Gradient Boosting Regression
Cincinnati,BE,2013,10,0,R64,0.7129,0.7129,Gradient Boosting Regression
Colorado,P12,2013,10,0,R64,0.3328,0.3328,Gradient Boosting Regression
Oklahoma,B12,2013,10,0,R64,0.2516,0.2516,Gradient Boosting Regression
Saint Mary's,WCC,2013,11,0,R64,0.5393,0.5393,Gradient Boosting Regression
Belmont,OVC,2013,11,0,R64,0.3975,0.3975,Gradient Boosting Regression
Middle Tennessee,SB,2013,11,0,R68,0.2929,0.2929,Gradient Boosting Regression
Minnesota,B10,2013,11,1,R32,0.1819,0.8181,Gradient Boosting Regression
Bucknell,Pat,2013,11,0,R64,0.0247,0.0247,Gradient Boosting Regression
Oregon,P12,2013,12,2,S16,2.1134,0.1134,Gradient Boosting Regression
Mississippi,SEC,2013,12,1,R32,1.2135,0.2135,Gradient Boosting Regression
Akron,MAC,2013,12,0,R64,0.0559,0.0559,Gradient Boosting Regression
California,P12,2013,12,1,R32,0.0,1.0,Gradient Boosting Regression
La Salle,A10,2013,13,2,S16,0.3271,1.6729,Gradient Boosting Regression
Boise St.,MWC,2013,13,0,R68,0.2168,0.2168,Gradient Boosting Regression
Montana,BSky,2013,13,0,R64,0.1269,0.1269,Gradient Boosting Regression
South Dakota St.,Sum,2013,13,0,R64,0.1248,0.1248,Gradient Boosting Regression
New Mexico St.,WAC,2013,13,0,R64,0.0339,0.0339,Gradient Boosting Regression
Valparaiso,Horz,2013,14,0,R64,0.2889,0.2889,Gradient Boosting Regression
Davidson,SC,2013,14,0,R64,0.2762,0.2762,Gradient Boosting Regression
Harvard,Ivy,2013,14,1,R32,0.0029,0.9971,Gradient Boosting Regression
Northwestern St.,Slnd,2013,14,0,R64,0.0,0.0,Gradient Boosting Regression
Albany,AE,2013,15,0,R64,0.4638,0.4638,Gradient Boosting Regression
Florida Gulf Coast,ASun,2013,15,2,S16,0.452,1.548,Gradient Boosting Regression
Iona,MAAC,2013,15,0,R64,0.0464,0.0464,Gradient Boosting Regression
Pacific,BW,2013,15,0,R64,0.0,0.0,Gradient Boosting Regression
North Carolina A&T,MEAC,2013,16,0,R64,1.0109,1.0109,Gradient Boosting Regression
James Madison,CAA,2013,16,0,R64,0.9995,0.9995,Gradient Boosting Regression
Western Kentucky,SB,2013,16,0,R64,0.1307,0.1307,Gradient Boosting Regression
Southern,SWAC,2013,16,0,R64,0.0,0.0,Gradient Boosting Regression
LIU Brooklyn,NEC,2013,16,0,R68,0.0,0.0,Gradient Boosting Regression
Liberty,BSth,2013,16,0,R68,0.0,0.0,Gradient Boosting Regression
